{
  "frame_id": 5,
  "detections": [
    {
      "name": "Car",
      "position": [
        23.886898040771484,
        8.481143951416016,
        -1.0969316959381104
      ],
      "dimensions": [
        3.867093563079834,
        1.700429916381836,
        1.4025359153747559
      ],
      "heading": 8.035101890563965
    },
    {
      "name": "Car",
      "position": [
        28.727445602416992,
        8.346929550170898,
        -0.9996294975280762
      ],
      "dimensions": [
        4.432193279266357,
        1.7116934061050415,
        1.4586637020111084
      ],
      "heading": 7.868496417999268
    }
  ]
}
