{
  "frame_id": 54,
  "detections": [
    {
      "name": "Bus",
      "score": 0.7099637985229492,
      "position": [
        42.16383361816406,
        39.175872802734375,
        -0.5662517547607422
      ],
      "dimensions": [
        9.918498992919922,
        2.7581963539123535,
        3.406573534011841
      ],
      "heading": 7.957879543304443
    },
    {
      "name": "Car",
      "score": 0.4710668623447418,
      "position": [
        57.56768035888672,
        10.420005798339844,
        -1.050107479095459
      ],
      "dimensions": [
        4.2177324295043945,
        1.7424761056900024,
        1.534511685371399
      ],
      "heading": 7.919627666473389
    },
    {
      "name": "Pedestrian",
      "score": 0.41056257486343384,
      "position": [
        62.90085983276367,
        11.932489395141602,
        -0.028310060501098633
      ],
      "dimensions": [
        0.7863508462905884,
        0.7752018570899963,
        1.6985125541687012
      ],
      "heading": 5.71758508682251
    },
    {
      "name": "Pedestrian",
      "score": 0.34883415699005127,
      "position": [
        38.976444244384766,
        13.457130432128906,
        -1.0499284267425537
      ],
      "dimensions": [
        0.7742673754692078,
        0.7719945907592773,
        1.6675761938095093
      ],
      "heading": 6.263497352600098
    }
  ]
}
