{
    "local_cloud": {
        "time": "Mon, 21 Nov 2022 14:26:40 GMT",
        "bandwidth": {
            "value": 2390.270614046491,
            "min": 2373.819892266141,
            "max": 5553.419191873739,
            "mean": 4055.2905041825734
        },
        "latency": {
            "value": 0.046,
            "min": 0.019,
            "max": 0.063,
            "mean": 0.0394
        },
        "jitter": {
            "value": 0.003509816525009162,
            "min": 0.0003255877298664901,
            "max": 0.003509816525009162,
            "mean": 0.001672754909843345
        },
        "reliability": {
            "value": 98.20343625498008,
            "min": 98.20343625498008,
            "max": 100,
            "mean": 99.62345124008519
        },
        "interruption": {
            "value": 0,
            "min": 0,
            "max": 0,
            "mean": 0
        }
    },
    "cloud_local": {
        "time": "Mon, 21 Nov 2022 14:26:43 GMT",
        "bandwidth": {
            "value": 2545.3727304635117,
            "min": 2244.026103112494,
            "max": 6014.252457941011,
            "mean": 3720.5432700813117
        },
        "latency": {
            "value": 0.034,
            "min": 0.028,
            "max": 0.063,
            "mean": 0.047799999999999995
        },
        "jitter": {
            "value": 0.000593884462824257,
            "min": 0.000593884462824257,
            "max": 0.001929503218711653,
            "mean": 0.0010545103209765672
        },
        "reliability": {
            "value": 99.47622759158223,
            "min": 99.25508275015754,
            "max": 99.7245728012229,
            "mean": 99.49115710141118
        }
    },
    "end_to_end": {
        "time_slam": 0,
        "time_ai": 0,
        "time_total": 0
    }
}