{
    "local_cloud": {
        "time": "Thu, 01 Dec 2022 15:15:34 GMT",
        "bandwidth": {
            "value": 942.0882686759696,
            "min": 0,
            "max": 942.0882686759696,
            "mean": 839.808705400848
        },
        "latency": {
            "value": 0,
            "min": 0,
            "max": 0,
            "mean": 0
        },
        "jitter": {
            "value": 0.00999865150924473,
            "min": 0,
            "max": 0.1269087774487178,
            "mean": 0.04339411956406047
        },
        "reliability": {
            "value": 19.2102769295567,
            "min": 0,
            "max": 27.757828363791802,
            "mean": 18.23534375029124
        },
        "interruption": {
            "value": 0,
            "min": 0,
            "max": 0,
            "mean": 0
        }
    },
    "cloud_local": {
        "time": "Thu, 01 Dec 2022 13:50:23 GMT",
        "bandwidth": {
            "value": 138.93121374625147,
            "min": 50.176674205566,
            "max": 185.56291589383113,
            "mean": 114.09434431928578
        },
        "latency": {
            "value": 0,
            "min": 0,
            "max": 0,
            "mean": 0
        },
        "jitter": {
            "value": 1.410050479698141,
            "min": 0.02458824132502075,
            "max": 1.410050479698141,
            "mean": 0.2398749311598316
        },
        "reliability": {
            "value": 98.44900849858357,
            "min": 53.1400966183575,
            "max": 99.79553903345725,
            "mean": 79.67361019056928
        }
    },
    "end_to_end": {
        "time_slam": 2.0,
        "time_ai": 0,
        "time_total": 2.0
    }
}