{
    "local_cloud": {
        "time": "Thu, 01 Dec 2022 15:13:02 GMT",
        "bandwidth": {
            "value": 5333.069605538283,
            "min": 5196.540041519502,
            "max": 5919.28306007432,
            "mean": 5552.535401443437
        },
        "latency": {
            "value": 0.056,
            "min": 0.044,
            "max": 0.083,
            "mean": 0.06060000000000001
        },
        "jitter": {
            "value": 0.0008882108768840427,
            "min": 0.000651679131321908,
            "max": 0.0016013757839846478,
            "mean": 0.0010203811958856017
        },
        "reliability": {
            "value": 99.85368733740475,
            "min": 99.2927032275964,
            "max": 99.99451435410676,
            "mean": 99.8403667552362
        },
        "interruption": {
            "value": 0,
            "min": 0,
            "max": 0,
            "mean": 0
        }
    },
    "cloud_local": {
        "time": "Thu, 01 Dec 2022 15:13:05 GMT",
        "bandwidth": {
            "value": 5832.75172320971,
            "min": 5196.540041519502,
            "max": 5919.28306007432,
            "mean": 5552.535401443437
        },
        "latency": {
            "value": 0.038,
            "min": 0.014,
            "max": 0.038,
            "mean": 0.023700000000000002
        },
        "jitter": {
            "value": 0.0013743616341154534,
            "min": 0.000651679131321908,
            "max": 0.0016013757839846478,
            "mean": 0.0010203811958856017
        },
        "reliability": {
            "value": 96.13642951463815,
            "min": 99.2927032275964,
            "max": 99.99451435410676,
            "mean": 99.8403667552362
        }
    },
    "end_to_end": {
        "time_slam": 0,
        "time_ai": 0,
        "time_total": 0
    }
}