{
    "local_cloud": {
        "time": 0,
        "bandwidth": {
            "value": 0,
            "min": 0,
            "max": 0,
            "mean": 0
        },
        "latency": {
            "value": 0,
            "min": 0,
            "max": 0,
            "mean": 0
        },
        "jitter": {
            "value": 0,
            "min": 0,
            "max": 0,
            "mean": 0
        },
        "reliability": {
            "value": 0,
            "min": 0,
            "max": 0,
            "mean": 0
        },
        "interruption": {
            "value": 0,
            "min": 0,
            "max": 0,
            "mean": 0
        }
    },
    "cloud_local": {
        "time": "Tue, 06 Dec 2022 15:30:17 GMT",
        "bandwidth": {
            "value": 19.982961771975713,
            "min": 19.982961771975713,
            "max": 19.983561216469987,
            "mean": 19.983166580954176
        },
        "latency": {
            "value": 0.034,
            "min": 0.033,
            "max": 0.083,
            "mean": 0.05525000000000001
        },
        "jitter": {
            "value": 0.0359195286003644,
            "min": 0.031108295874347,
            "max": 0.0398610222773758,
            "mean": 0.03668619877095914
        },
        "reliability": {
            "value": 100,
            "min": 100,
            "max": 100,
            "mean": 100.0
        }
    },
    "end_to_end": {
        "time_slam": 0,
        "time_ai": 0,
        "time_total": 0
    }
}