{
    "local_cloud": {
        "time": "Fri, 09 Dec 2022 12:19:44 GMT",
        "bandwidth": {
            "value": 19.983761039293483,
            "min": 19.98350127040218,
            "max": 19.983880934905777,
            "mean": 19.983743055632996
        },
        "latency": {
            "value": 0.022,
            "min": 0.021,
            "max": 0.092,
            "mean": 0.0426
        },
        "jitter": {
            "value": 0.00871881776186948,
            "min": 0.00871881776186948,
            "max": 0.03265080273967262,
            "mean": 0.01539154895588388
        },
        "reliability": {
            "value": 100,
            "min": 100,
            "max": 100,
            "mean": 100.0
        },
        "interruption": {
            "value": 0,
            "min": 0,
            "max": 0,
            "mean": 0
        }
    },
    "cloud_local": {
        "time": "Fri, 09 Dec 2022 12:19:50 GMT",
        "bandwidth": {
            "value": 19.983181564114542,
            "min": 0,
            "max": 19.983181564114542,
            "mean": 9.991590782057271
        },
        "latency": {
            "value": 0.093,
            "min": 0.025,
            "max": 0.093,
            "mean": 0.059
        },
        "jitter": {
            "value": 0.00870876560503058,
            "min": 0,
            "max": 0.00870876560503058,
            "mean": 0.00435438280251529
        },
        "reliability": {
            "value": 100,
            "min": 0,
            "max": 100,
            "mean": 50.0
        }
    },
    "end_to_end": {
        "time_slam": 0,
        "time_ai": 0,
        "time_total": 0
    }
}