{
    "local_cloud": {
        "time": "Thu, 01 Dec 2022 17:41:15 GMT",
        "bandwidth": {
            "value": 19.983621162897435,
            "min": 19.983521252384822,
            "max": 19.983860952203816,
            "mean": 19.98363714920286
        },
        "latency": {
            "value": 0,
            "min": 0,
            "max": 0,
            "mean": 0
        },
        "jitter": {
            "value": 0.3968117816023334,
            "min": 0.10353843415823169,
            "max": 0.7940990246818562,
            "mean": 0.31082290224675513
        },
        "reliability": {
            "value": 100,
            "min": 100,
            "max": 100,
            "mean": 100.0
        },
        "interruption": {
            "value": 0,
            "min": 0,
            "max": 0,
            "mean": 0
        }
    },
    "cloud_local": {
        "time": "Thu, 01 Dec 2022 16:15:32 GMT",
        "bandwidth": {
            "value": 29.980531265467743,
            "min": 29.968983783978356,
            "max": 29.99016070842899,
            "mean": 29.978809989956517
        },
        "latency": {
            "value": 0,
            "min": 0,
            "max": 0,
            "mean": 0
        },
        "jitter": {
            "value": 0.13250012419952964,
            "min": 0.06384985560949774,
            "max": 0.667035507746543,
            "mean": 0.2769911538442822
        },
        "reliability": {
            "value": 100,
            "min": 100,
            "max": 100,
            "mean": 100.0
        }
    },
    "end_to_end": {
        "time_slam": 97.0,
        "time_ai": 0,
        "time_total": 97.0
    }
}