{
    "local_cloud": {
        "time": "Mon, 05 Dec 2022 14:12:04 GMT",
        "bandwidth": {
            "value": 19.983721074409093,
            "min": 19.981403384584006,
            "max": 19.983761039293483,
            "mean": 19.983489305518493
        },
        "latency": {
            "value": 0.028,
            "min": 0.023,
            "max": 0.038,
            "mean": 0.031200000000000006
        },
        "jitter": {
            "value": 0.010179386840407123,
            "min": 0.006480695884328209,
            "max": 0.012245102268231793,
            "mean": 0.00877036860309386
        },
        "reliability": {
            "value": 100,
            "min": 100,
            "max": 100,
            "mean": 100.0
        },
        "interruption": {
            "value": 0,
            "min": 0,
            "max": 0,
            "mean": 0
        }
    },
    "cloud_local": {
        "time": "Mon, 05 Dec 2022 14:12:07 GMT",
        "bandwidth": {
            "value": 19.983681109684543,
            "min": 19.983521252384822,
            "max": 19.98380100433773,
            "mean": 19.983687104714914
        },
        "latency": {
            "value": 0.041,
            "min": 0.03,
            "max": 0.092,
            "mean": 0.0522
        },
        "jitter": {
            "value": 0.014312345884047721,
            "min": 0.008191613126490083,
            "max": 0.014312345884047721,
            "mean": 0.011274479948827248
        },
        "reliability": {
            "value": 100,
            "min": 100,
            "max": 100,
            "mean": 100.0
        }
    },
    "end_to_end": {
        "time_slam": 2.0,
        "time_ai": 0,
        "time_total": 2.0
    }
}